{
    "pet": [
        {
            "petName": "Milton",
            "ID": 25532,
            "petType": "Dog",
            "breed": "American Bulldog cross",
            "spayedNeutered": true,
            "Sex": "Male",
            "age": "3Yrs 4Mths 4Wks (approx)",
            "vaccinationStatus": true,
            "location": "Kenton county",
            "avaliable": true,
            "additionalDetails": "Lorem ipsum dolor sit amet, consectetur adipiscing elit. Nam ante tellus, sagittis at urna sit amet, faucibus faucibus lacus. Suspendisse rutrum nisl in augue convallis sollicitudin. Quisque nulla risus, ultrices vitae sollicitudin quis, pellentesque a ligula.",
            "pictures":["https://random.dog/00186969-c51d-462b-948b-30a7e1735908.jpg","https://random.dog/00564ba3-e5cb-4b2b-8d97-c65a9ef26c23.png","https://random.dog/00b417af-0b5f-42d7-9ad0-6aab6c3db491.jpg","https://random.dog/2059c82d-452f-4d80-bb11-818da1451511.jpg"]
        },
        {
            "petName": "Gypsy",
            "ID": 26002,
            "petType": "Dog",
            "breed": "American Bulldog cross",
            "spayedNeutered": true,
            "Sex": "Female",
            "age": "2Yrs 2Mths 4Wks (approx)",
            "vaccinationStatus": true,
            "location": "Kenton county",
            "avaliable": true,
            "additionalDetails": "Lorem ipsum dolor sit amet, consectetur adipiscing elit. Nam ante tellus, sagittis at urna sit amet, faucibus faucibus lacus. Suspendisse rutrum nisl in augue convallis sollicitudin. Quisque nulla risus, ultrices vitae sollicitudin quis, pellentesque a ligula.",
            "pictures":["https://random.dog/016d49aa-66f0-41de-872b-009367e97325.gif","https://random.dog/027eef85-ccc1-4a66-8967-5d74f34c8bb4.jpg","https://random.dog/02b1854b-bc69-4417-aa3f-96e63e699858.gif","https://random.dog/205a2763-6102-4b9c-9c8f-f944f6900a22.jpg","https://random.dog/20ce0116-cd55-4370-a728-ed6f37fc6c4b.jpg"]
        },
        {
            "petName": "Castiel",
            "ID": 25275,
            "petType": "Dog",
            "breed": "American Pit Bull cross",
            "spayedNeutered": true,
            "Sex": "Male",
            "age": "1Yrs 5Mths 2Wks (approx)",
            "vaccinationStatus": true,
            "location": "Kenton county",
            "avaliable": true,
            "additionalDetails": "Lorem ipsum dolor sit amet, consectetur adipiscing elit. Nam ante tellus, sagittis at urna sit amet, faucibus faucibus lacus. Suspendisse rutrum nisl in augue convallis sollicitudin. Quisque nulla risus, ultrices vitae sollicitudin quis, pellentesque a ligula.",
            "pictures":["https://random.dog/02f1d7d0-9ff7-44af-8066-dd9247ebe74d.jpg","https://random.dog/03024628-188b-408e-a853-d97c9f04f903.jpg","https://random.dog/0356c15a-8874-4af3-a02a-ed0ae8d62b55.jpg","https://random.dog/21060-3302-20249.jpg"]
        },
        {
            "petName": "Surge",
            "ID": 25663,
            "petType": "Dog",
            "breed": "American Pit Bull cross",
            "spayedNeutered": true,
            "Sex": "Male",
            "age": "1Yrs 8Mths 3Wks",
            "vaccinationStatus": true,
            "location": "Kenton county",
            "avaliable": true,
            "additionalDetails": "Lorem ipsum dolor sit amet, consectetur adipiscing elit. Nam ante tellus, sagittis at urna sit amet, faucibus faucibus lacus. Suspendisse rutrum nisl in augue convallis sollicitudin. Quisque nulla risus, ultrices vitae sollicitudin quis, pellentesque a ligula.",
            "pictures":["https://random.dog/037c01a0-99b3-4757-90b5-04df9be427a6.JPG","https://random.dog/0415ca3e-0e99-4afa-bec6-bd8a4a7ff6ff.PNG","https://random.dog/046e5758-d1ef-436f-b7e2-530134562445.jpg","https://random.dog/21149-31365-11062.jpg"]
        },
        {
            "petName": "Maroon",
            "ID": 26327,
            "petType": "Dog",
            "breed": "American Pit Bull cross",
            "spayedNeutered": true,
            "Sex": "Male",
            "age": "2Yrs 1Mths 1Wks (approx)",
            "vaccinationStatus": true,
            "location": "Kenton county",
            "avaliable": true,
            "additionalDetails": "Lorem ipsum dolor sit amet, consectetur adipiscing elit. Nam ante tellus, sagittis at urna sit amet, faucibus faucibus lacus. Suspendisse rutrum nisl in augue convallis sollicitudin. Quisque nulla risus, ultrices vitae sollicitudin quis, pellentesque a ligula.",
            "pictures":["https://random.dog/0508da24-5cbb-487c-815d-9c555e244c21.jpg","https://random.dog/054dce82-51c9-49d5-bc7c-4d76e8288d33.jpg","https://random.dog/05f4b372-d8ff-42f0-8c11-b78c45d9eaa1.jpg","https://random.dog/211763a6-ed82-4351-9f11-c494592f8fa5.jpg","https://random.dog/214f3314-9e45-409e-8443-40bce665d7ba.JPG"]
        },
        {
            "petName": "Winter Warlock",
            "ID": 26443,
            "petType": "Dog",
            "breed": "American Pit Bull cross",
            "spayedNeutered": true,
            "Sex": "Male",
            "age": "2Yrs 3Wks (approx)",
            "vaccinationStatus": true,
            "location": "Kenton county",
            "avaliable": true,
            "additionalDetails": "Lorem ipsum dolor sit amet, consectetur adipiscing elit. Nam ante tellus, sagittis at urna sit amet, faucibus faucibus lacus. Suspendisse rutrum nisl in augue convallis sollicitudin. Quisque nulla risus, ultrices vitae sollicitudin quis, pellentesque a ligula.",
            "pictures":["https://random.dog/062013b4-8bad-4a6a-a69c-e4de7fdd86d8.jpg","https://random.dog/068fc183-d4e3-4780-b01c-6cce0d019d13.jpg","https://random.dog/06c96920-38c5-4883-95ac-0968a4ecd4f1.JPG"]
        },
        {
            "petName": "Rudy",
            "ID": 26496,
            "petType": "Dog",
            "breed": "American Pit Bull mixed Terrier",
            "spayedNeutered": true,
            "Sex": "Male",
            "age": "3Yrs 10Mths 4Wks",
            "vaccinationStatus": true,
            "location": "Kenton county",
            "avaliable": true,
            "additionalDetails": "Lorem ipsum dolor sit amet, consectetur adipiscing elit. Nam ante tellus, sagittis at urna sit amet, faucibus faucibus lacus. Suspendisse rutrum nisl in augue convallis sollicitudin. Quisque nulla risus, ultrices vitae sollicitudin quis, pellentesque a ligula.",
            "pictures":["https://random.dog/06ec5d00-6da0-46cb-ab4a-f6ea1e6a461f.gif","https://random.dog/075bfcba-f13c-43a9-983c-740bcce9d876.png","https://random.dog/07688b1f-08ee-46f2-b475-19446a9bbcb4.jpg"]
        },
        {
            "petName": "Harry",
            "ID": 26543,
            "petType": "Dog",
            "breed": "American Pit Bull cross",
            "spayedNeutered": true,
            "Sex": "Male",
            "age": "3Yrs 1Wks (approx)",
            "vaccinationStatus": true,
            "location": "Kenton county",
            "avaliable": true,
            "additionalDetails": "Lorem ipsum dolor sit amet, consectetur adipiscing elit. Nam ante tellus, sagittis at urna sit amet, faucibus faucibus lacus. Suspendisse rutrum nisl in augue convallis sollicitudin. Quisque nulla risus, ultrices vitae sollicitudin quis, pellentesque a ligula.",
            "pictures":["https://random.dog/07c4e089-a7da-430a-ac09-a0da419efefa.JPG","https://random.dog/07e51206-2967-4632-ad03-a7f12675bc55.jpg","https://random.dog/07fcc953-0502-4cb6-bc0e-9b9d6904442d.jpg"]
        },
        {
            "petName": "Carrie",
            "ID": 26178,
            "petType": "Dog",
            "breed": "Beagle mixed Terrier",
            "age": "10Yrs 2Mths 1Wks (approx)",
            "vaccinationStatus": true,
            "location": "Kenton county",
            "avaliable": true,
            "additionalDetails": "Lorem ipsum dolor sit amet, consectetur adipiscing elit. Nam ante tellus, sagittis at urna sit amet, faucibus faucibus lacus. Suspendisse rutrum nisl in augue convallis sollicitudin. Quisque nulla risus, ultrices vitae sollicitudin quis, pellentesque a ligula.",
            "pictures":["https://random.dog/08630019-c6ae-43ef-b075-4fe5b2077c90.jpg","https://random.dog/0886de63-9a5d-41c5-b750-4e7633f63ce1.jpg","https://random.dog/08b34a90-ffc6-4f80-829a-2c3e7414f26e.jpg"]
        },
        {
            "petName": "Belle",
            "ID": 26601,
            "petType": "Dog",
            "breed": "Beagle cross",
            "Sex": "Female",
            "age": "5Yrs (approx)",
            "vaccinationStatus": true,
            "location": "Kenton county",
            "avaliable": true,
            "additionalDetails": "Lorem ipsum dolor sit amet, consectetur adipiscing elit. Nam ante tellus, sagittis at urna sit amet, faucibus faucibus lacus. Suspendisse rutrum nisl in augue convallis sollicitudin. Quisque nulla risus, ultrices vitae sollicitudin quis, pellentesque a ligula.",
            "pictures":["https://random.dog/08f5398d-7f89-47da-a5cd-1ed74967dc1f.jpg","https://random.dog/09173a0b-5f07-4184-bf43-4cf71142ded8.gif","https://random.dog/093a41da-e2c0-4535-a366-9ef3f2013f73.jpg"]
        },
        {
            "petName": "Annabell",
            "ID": 22382,
            "petType": "Dog",
            "breed": "Boxer mixed Pit Bull",
            "Sex": "Female",
            "age": "7Yrs 5Mths 3Wks (approx)",
            "vaccinationStatus": true,
            "location": "Kenton county",
            "avaliable": true,
            "additionalDetails": "Lorem ipsum dolor sit amet, consectetur adipiscing elit. Nam ante tellus, sagittis at urna sit amet, faucibus faucibus lacus. Suspendisse rutrum nisl in augue convallis sollicitudin. Quisque nulla risus, ultrices vitae sollicitudin quis, pellentesque a ligula.",
            "pictures":["https://random.dog/0942ac81-f65b-4503-8220-40ad3c28a94e.jpg","https://random.dog/09584fb1-baa4-45b7-a801-cff37a0a4c74.jpg","https://random.dog/099ee7e2-6ad5-4f50-bc0f-2ac192620fc7.jpg","https://random.dog/2294c0a8-0595-4fca-869e-803e13d2ffe1.jpg"]
        },
        {
            "petName": "Kimbo",
            "ID": 23879,
            "petType": "Dog",
            "breed": "Boxer mixed Mastiff",
            "Sex": "Male",
            "age": "2Yrs 5Mths 3Wks (approx)",
            "vaccinationStatus": true,
            "location": "Kenton county",
            "avaliable": true,
            "additionalDetails": "Lorem ipsum dolor sit amet, consectetur adipiscing elit. Nam ante tellus, sagittis at urna sit amet, faucibus faucibus lacus. Suspendisse rutrum nisl in augue convallis sollicitudin. Quisque nulla risus, ultrices vitae sollicitudin quis, pellentesque a ligula.",
            "pictures":["https://random.dog/09d5ab57-963d-450b-95e4-7a6955bc38ba.gif","https://random.dog/09f8ecf4-c22b-49f4-af24-29fb5c8dbb2d.jpg","https://random.dog/09fb1c67-ff1b-4fad-bc0c-2e101d50f172.JPG","https://random.dog/22753e90-5e55-4061-b8c9-1923e47d0f68.JPG"]
        },
        {
            "petName": "Diamond",
            "ID": 6802,
            "petType": "Dog",
            "breed": "Boxer cross",
            "Sex": "Male",
            "age": "7Yrs 7Mths 3Wks",
            "vaccinationStatus": true,
            "location": "Kenton county",
            "avaliable": true,
            "additionalDetails": "Lorem ipsum dolor sit amet, consectetur adipiscing elit. Nam ante tellus, sagittis at urna sit amet, faucibus faucibus lacus. Suspendisse rutrum nisl in augue convallis sollicitudin. Quisque nulla risus, ultrices vitae sollicitudin quis, pellentesque a ligula.",
            "pictures":["https://random.dog/0a485fbe-193d-4918-b798-1f6214aaf495.jpg","https://random.dog/0a79ab14-600e-4adf-8ef1-6c24bab154e4.jpg","https://random.dog/0ade71f5-3b4e-4a2c-a40d-fc1d07586088.jpg","https://random.dog/23361-22624-9634.jpg","https://random.dog/237e527f-df94-48a4-89b1-2e2f7d844627.gif"]
        },
        {
            "petName": "Mother Parker",
            "ID": 26493,
            "petType": "Dog",
            "breed": "Boxer cross",
            "Sex": "Female",
            "age": "2Yrs 2Wks (approx)",
            "vaccinationStatus": true,
            "location": "Kenton county",
            "avaliable": true,
            "additionalDetails": "Lorem ipsum dolor sit amet, consectetur adipiscing elit. Nam ante tellus, sagittis at urna sit amet, faucibus faucibus lacus. Suspendisse rutrum nisl in augue convallis sollicitudin. Quisque nulla risus, ultrices vitae sollicitudin quis, pellentesque a ligula.",
            "pictures":["https://random.dog/0afd649d-ec06-403f-aeb5-0262d1750182.jpg","https://random.dog/0b0b349e-47e2-4e1e-987d-975f01d2c4f9.jpg","https://random.dog/0b410598-ebfa-4b08-b6da-52f7096740ab.jpg"]
        },
        {
            "petName": "Kate",
            "ID": 26534,
            "petType": "Dog",
            "breed": "Boxer cross",
            "Sex": "Female",
            "age": "3Yrs 1Wks (approx)",
            "vaccinationStatus": true,
            "location": "Kenton county",
            "avaliable": true,
            "additionalDetails": "Lorem ipsum dolor sit amet, consectetur adipiscing elit. Nam ante tellus, sagittis at urna sit amet, faucibus faucibus lacus. Suspendisse rutrum nisl in augue convallis sollicitudin. Quisque nulla risus, ultrices vitae sollicitudin quis, pellentesque a ligula.",
            "pictures":["https://random.dog/0c021634-cc90-443e-bedb-6f754fcfb7bc.png","https://random.dog/0c79c11b-c154-43da-8faa-a01e9cfd0ae7.gif","https://random.dog/0cb1f3f8-a687-402d-b110-7bd4987b3547.jpg"]
        },
        {
            "petName": "Penelope",
            "ID": 26455,
            "petType": "Dog",
            "breed": "Boxer cross",
            "Sex": "Female",
            "age": "",
            "vaccinationStatus": true,
            "location": "Kenton county",
            "avaliable": true,
            "additionalDetails": "Lorem ipsum dolor sit amet, consectetur adipiscing elit. Nam ante tellus, sagittis at urna sit amet, faucibus faucibus lacus. Suspendisse rutrum nisl in augue convallis sollicitudin. Quisque nulla risus, ultrices vitae sollicitudin quis, pellentesque a ligula.",
            "pictures":["https://random.dog/0ced6461-bfc4-4987-bf41-638f23ce21c2.jpg","https://random.dog/0d3995ae-4b84-43f9-bd01-4e58e3b548d5.jpg","https://random.dog/0d8454ea-346c-43a7-9611-a15d25a7bd67.jpg"]
        },
        {
            "petName": "Precious",
            "ID": 26456,
            "petType": "Dog",
            "breed": "Boxer cross",
            "Sex": "Female",
            "age": "",
            "vaccinationStatus": true,
            "location": "Kenton county",
            "avaliable": true,
            "additionalDetails": "Lorem ipsum dolor sit amet, consectetur adipiscing elit. Nam ante tellus, sagittis at urna sit amet, faucibus faucibus lacus. Suspendisse rutrum nisl in augue convallis sollicitudin. Quisque nulla risus, ultrices vitae sollicitudin quis, pellentesque a ligula.",
            "pictures":["https://random.dog/0dc73473-f0c9-42c9-bb0e-89c00921a938.jpg","https://random.dog/0df9bda3-4d07-463d-952c-7c742727e396.jpg","https://random.dog/0e198464-e755-43bb-a2f8-9db136507f38.JPG"]
        },
        {
            "petName": "Doris Walker",
            "ID": 26337,
            "petType": "Dog",
            "breed": "Coonhound cross",
            "Sex": "Female",
            "age": "1Yrs 7Mths 2Wks (approx)",
            "vaccinationStatus": true,
            "location": "Kenton county",
            "avaliable": true,
            "additionalDetails": "Lorem ipsum dolor sit amet, consectetur adipiscing elit. Nam ante tellus, sagittis at urna sit amet, faucibus faucibus lacus. Suspendisse rutrum nisl in augue convallis sollicitudin. Quisque nulla risus, ultrices vitae sollicitudin quis, pellentesque a ligula.",
            "pictures":["https://random.dog/0e8e840e-dfd0-4511-9003-6a608ecaeb8b.gif","https://random.dog/0f0ed568-0024-4107-a8c1-11368fe0f364.jpg","https://random.dog/0f3c6ec3-1e6e-4b06-9a23-ed4292dca5eb.jpg"]
        },
        {
            "petName": "Fern",
            "ID": 26414,
            "petType": "Dog",
            "breed": "Coonhound cross",
            "Sex": "Female",
            "age": "2Yrs 4Mths 2Wks",
            "vaccinationStatus": true,
            "location": "Kenton county",
            "avaliable": true,
            "additionalDetails": "Lorem ipsum dolor sit amet, consectetur adipiscing elit. Nam ante tellus, sagittis at urna sit amet, faucibus faucibus lacus. Suspendisse rutrum nisl in augue convallis sollicitudin. Quisque nulla risus, ultrices vitae sollicitudin quis, pellentesque a ligula.",
            "pictures":["https://random.dog/0f476473-2d8b-415e-b944-483768418a95.jpg","https://random.dog/0f5041c1-7492-41c8-9250-f5b48fec18b8.png","https://random.dog/0f889a7e-562b-4824-b521-b7aaf1757b9c.jpeg"]
        },
        {
            "petName": "Jagger",
            "ID": 26144,
            "petType": "Cat",
            "breed": "Domestic Shorthair cross",
            "spayedNeutered": true,
            "Sex": "Male",
            "age": "11Wks (approx)",
            "vaccinationStatus": true,
            "location": "Kenton county",
            "avaliable": true,
            "additionalDetails": "Lorem ipsum dolor sit amet, consectetur adipiscing elit. Nam ante tellus, sagittis at urna sit amet, faucibus faucibus lacus. Suspendisse rutrum nisl in augue convallis sollicitudin. Quisque nulla risus, ultrices vitae sollicitudin quis, pellentesque a ligula.",
            "pictures":["https://random.dog/0fb0234d-9042-4a5e-82ea-7e84e90ed42c.jpg","https://random.dog/0fb4aeee-f949-4c7b-a6d8-05bf0736bdd1.jpg","https://random.dog/0fd781ff-ec46-4bdc-a4e8-24f18bf07def.jpg"]
        },
        {
            "petName": "Dom",
            "ID": 26522,
            "petType": "Dog",
            "breed": "Coonhound, Walker cross",
            "spayedNeutered": true,
            "Sex": "Male",
            "age": "5Yrs 6Mths 2Wks",
            "vaccinationStatus": true,
            "location": "Kenton county",
            "avaliable": true,
            "additionalDetails": "Lorem ipsum dolor sit amet, consectetur adipiscing elit. Nam ante tellus, sagittis at urna sit amet, faucibus faucibus lacus. Suspendisse rutrum nisl in augue convallis sollicitudin. Quisque nulla risus, ultrices vitae sollicitudin quis, pellentesque a ligula.",
            "pictures":["https://random.dog/102a6197-7c40-410d-b97f-fa920aa29f28.jpg","https://random.dog/102f0d25-bd06-408c-b993-056c798469dc.jpg","https://random.dog/1032609c-faec-4eb2-9edc-b580fce636f9.jpg"]
        },
        {
            "petName": "Minnie",
            "ID": 26587,
            "petType": "Cat",
            "breed": "Domestic Short Hair cross",
            "spayedNeutered": true,
            "Sex": "Female",
            "age": "10Wks",
            "vaccinationStatus": true,
            "location": "Kenton county",
            "avaliable": true,
            "additionalDetails": "Lorem ipsum dolor sit amet, consectetur adipiscing elit. Nam ante tellus, sagittis at urna sit amet, faucibus faucibus lacus. Suspendisse rutrum nisl in augue convallis sollicitudin. Quisque nulla risus, ultrices vitae sollicitudin quis, pellentesque a ligula.",
            "pictures":["https://random.dog/1090050f-3c67-4edc-86f9-b39ddd460f11.jpeg","https://random.dog/10fa025a-b04a-47d7-bfed-98747269b6c2.jpg","https://random.dog/1119c4bb-c37c-4550-bc0d-43733d32d546.jpg"]
        },
        {
            "petName": "Carmen",
            "ID": 26650,
            "petType": "Dog",
            "breed": "Corgie mixed Siberian Husky",
            "spayedNeutered": true,
            "Sex": "Female",
            "age": "11Yrs (approx)",
            "vaccinationStatus": true,
            "location": "Kenton county",
            "avaliable": true,
            "additionalDetails": "Lorem ipsum dolor sit amet, consectetur adipiscing elit. Nam ante tellus, sagittis at urna sit amet, faucibus faucibus lacus. Suspendisse rutrum nisl in augue convallis sollicitudin. Quisque nulla risus, ultrices vitae sollicitudin quis, pellentesque a ligula.",
            "pictures":["https://random.dog/1163308b-938f-4956-83ca-8d0fc378c2f8.gif","https://random.dog/1186-4923-20498.jpg","https://random.dog/11ce071b-acb8-4ede-87fa-8cb4fe204d2a.jpg"]
        },
        {
            "petName": "Daisy",
            "ID": 26588,
            "petType": "Cat",
            "breed": "Domestic Short Hair cross",
            "spayedNeutered": true,
            "Sex": "Female",
            "age": "10Wks",
            "vaccinationStatus": true,
            "location": "Kenton county",
            "avaliable": true,
            "additionalDetails": "Lorem ipsum dolor sit amet, consectetur adipiscing elit. Nam ante tellus, sagittis at urna sit amet, faucibus faucibus lacus. Suspendisse rutrum nisl in augue convallis sollicitudin. Quisque nulla risus, ultrices vitae sollicitudin quis, pellentesque a ligula.",
            "pictures":["https://random.dog/11fe1455-43a4-4cc1-b0a1-51bd025f5a8e.jpg","https://random.dog/12297f35-1812-4a63-9e17-64dd05c7a759.jpg","https://random.dog/124d998c-ba2a-4f64-b286-8c809b31b495.gif"]
        },
        {
            "petName": "Gertie",
            "ID": 26563,
            "petType": "Cat",
            "breed": "Domestic Short Hair cross",
            "spayedNeutered": true,
            "Sex": "Female",
            "age": "8Yrs",
            "vaccinationStatus": true,
            "location": "Kenton county",
            "avaliable": true,
            "additionalDetails": "Lorem ipsum dolor sit amet, consectetur adipiscing elit. Nam ante tellus, sagittis at urna sit amet, faucibus faucibus lacus. Suspendisse rutrum nisl in augue convallis sollicitudin. Quisque nulla risus, ultrices vitae sollicitudin quis, pellentesque a ligula.",
            "pictures":["https://random.dog/12567-30449-22158.jpg","https://random.dog/12891d66-40e5-4c95-a7d3-87e28425894a.jpg","https://random.dog/12a9bb92-3c41-4f40-b37e-de275df7a292.JPG"]
        },
        {
            "petName": "Spanky",
            "ID": 26569,
            "petType": "Cat",
            "breed": "Domestic Short Hair cross",
            "spayedNeutered": true,
            "Sex": "Male",
            "age": "8Yrs (approx)",
            "vaccinationStatus": true,
            "location": "Kenton county",
            "avaliable": true,
            "additionalDetails": "Lorem ipsum dolor sit amet, consectetur adipiscing elit. Nam ante tellus, sagittis at urna sit amet, faucibus faucibus lacus. Suspendisse rutrum nisl in augue convallis sollicitudin. Quisque nulla risus, ultrices vitae sollicitudin quis, pellentesque a ligula.",
            "pictures":["https://random.dog/12ca7be0-e734-49fa-b271-694b67ba6a7c.jpg","https://random.dog/12d10ea3-a7fc-45a8-b476-ac9246cc422c.gif","https://random.dog/1326984c-39b0-492c-a773-f120d747a7e2.jpg"]
        },
        {
            "petName": "Owly",
            "ID": 26575,
            "petType": "Cat",
            "breed": "Domestic Short Hair cross",
            "spayedNeutered": true,
            "Sex": "Female",
            "age": "5Yrs",
            "vaccinationStatus": true,
            "location": "Kenton county",
            "avaliable": true,
            "additionalDetails": "Lorem ipsum dolor sit amet, consectetur adipiscing elit. Nam ante tellus, sagittis at urna sit amet, faucibus faucibus lacus. Suspendisse rutrum nisl in augue convallis sollicitudin. Quisque nulla risus, ultrices vitae sollicitudin quis, pellentesque a ligula.",
            "pictures":["https://random.dog/13867-15562-17286.jpg","https://random.dog/13973-10200-28695.jpg","https://random.dog/13c74c16-afc6-4ca3-bbd8-65a625ceb77b.jpg"]
        },
        {
            "petName": "Torti",
            "ID": 26582,
            "petType": "Cat",
            "breed": "Domestic Short Hair cross",
            "spayedNeutered": true,
            "Sex": "Female",
            "age": "2Yrs",
            "vaccinationStatus": true,
            "location": "Kenton county",
            "avaliable": true,
            "additionalDetails": "Lorem ipsum dolor sit amet, consectetur adipiscing elit. Nam ante tellus, sagittis at urna sit amet, faucibus faucibus lacus. Suspendisse rutrum nisl in augue convallis sollicitudin. Quisque nulla risus, ultrices vitae sollicitudin quis, pellentesque a ligula.",
            "pictures":["https://random.dog/13d340cb-0961-43e0-b444-07e6caceffca.jpg","https://random.dog/13f1deef-08fc-4c17-bc6d-8a1f2006a527.gif","https://random.dog/1400de7f-00a2-4ddd-b40f-1c9040105401.JPG"]
        },
        {
            "petName": "Olivia",
            "ID": 25788,
            "petType": "Cat",
            "breed": "Domestic Short Hair cross",
            "spayedNeutered": true,
            "Sex": "Female",
            "age": "3Yrs 3Mths 3Wks (approx)",
            "vaccinationStatus": true,
            "location": "Kenton county",
            "avaliable": true,
            "additionalDetails": "Lorem ipsum dolor sit amet, consectetur adipiscing elit. Nam ante tellus, sagittis at urna sit amet, faucibus faucibus lacus. Suspendisse rutrum nisl in augue convallis sollicitudin. Quisque nulla risus, ultrices vitae sollicitudin quis, pellentesque a ligula.",
            "pictures":["https://random.dog/14769-27888-18622.jpg","https://random.dog/14bf915e-b3d2-41c9-ad85-2c1e9277237d.JPG","https://random.dog/14df227c-0861-4a5e-8d39-401239b9a3f1.png"]
        },
        {
            "petName": "Selena Gomez",
            "ID": 25990,
            "petType": "Cat",
            "breed": "Domestic Short Hair cross",
            "spayedNeutered": true,
            "Sex": "Female",
            "age": "2Yrs 3Mths (approx)",
            "vaccinationStatus": true,
            "location": "Kenton county",
            "avaliable": true,
            "additionalDetails": "Lorem ipsum dolor sit amet, consectetur adipiscing elit. Nam ante tellus, sagittis at urna sit amet, faucibus faucibus lacus. Suspendisse rutrum nisl in augue convallis sollicitudin. Quisque nulla risus, ultrices vitae sollicitudin quis, pellentesque a ligula.",
            "pictures":["https://random.dog/14df227c-0861-4a5e-8d39-401239b9a3f1.png","https://random.dog/15038-13875-14202.jpg","https://random.dog/1573beb6-6c9f-4705-95c9-7878c7c2e8d8.jpg"]
        },
        {
            "petName": "Igor",
            "ID": 26011,
            "petType": "Cat",
            "breed": "Domestic Short Hair cross",
            "spayedNeutered": true,
            "Sex": "Male",
            "age": "6Yrs 2Mths 1Wks",
            "vaccinationStatus": true,
            "location": "Kenton county",
            "avaliable": true,
            "additionalDetails": "Lorem ipsum dolor sit amet, consectetur adipiscing elit. Nam ante tellus, sagittis at urna sit amet, faucibus faucibus lacus. Suspendisse rutrum nisl in augue convallis sollicitudin. Quisque nulla risus, ultrices vitae sollicitudin quis, pellentesque a ligula.",
            "pictures":["https://random.dog/15cde4c5-5208-4e31-aa11-cc4853893392.jpg","https://random.dog/16090033-0153-49d0-abe2-c991b3c7941b.jpg","https://random.dog/16363-19653-13623.jpg"]
        },
        {
            "petName": "Cher",
            "ID": 26143,
            "petType": "Cat",
            "breed": "Domestic Short Hair cross",
            "spayedNeutered": true,
            "Sex": "Female",
            "age": "2Yrs (approx)",
            "vaccinationStatus": true,
            "location": "Kenton county",
            "avaliable": true,
            "additionalDetails": "Lorem ipsum dolor sit amet, consectetur adipiscing elit. Nam ante tellus, sagittis at urna sit amet, faucibus faucibus lacus. Suspendisse rutrum nisl in augue convallis sollicitudin. Quisque nulla risus, ultrices vitae sollicitudin quis, pellentesque a ligula.",
            "pictures":["https://random.dog/16377a92-afe2-48ae-b540-37eec0ffec05.jpg","https://random.dog/164d07b8-fdd6-4fd3-9356-e635d4859555.JPG","https://random.dog/16511ded-7464-4481-b26e-b3411957a42c.png"]
        },
        {
            "petName": "Janet",
            "ID": 26147,
            "petType": "Cat",
            "breed": "Domestic Short Hair cross",
            "spayedNeutered": true,
            "Sex": "Female",
            "age": "11Wks (approx)",
            "vaccinationStatus": true,
            "location": "Kenton county",
            "avaliable": true,
            "additionalDetails": "Lorem ipsum dolor sit amet, consectetur adipiscing elit. Nam ante tellus, sagittis at urna sit amet, faucibus faucibus lacus. Suspendisse rutrum nisl in augue convallis sollicitudin. Quisque nulla risus, ultrices vitae sollicitudin quis, pellentesque a ligula.",
            "pictures":["https://random.dog/165a3967-976c-4304-81d5-5a76f4e9b8d2.jpg","https://random.dog/1675f17d-7736-4aaf-806a-6e6d077a9a56.gif","https://random.dog/17234-7028-29.jpg","https://random.dog/23d8e5ba-adc6-4a90-9172-bfc9570d57e7.jpg"]
        },
        {
            "petName": "Corolla",
            "ID": 26150,
            "petType": "Cat",
            "breed": "Domestic Short Hair cross",
            "spayedNeutered": true,
            "Sex": "Female",
            "age": "1Yrs 6Mths 1Wks (approx)",
            "vaccinationStatus": true,
            "location": "Kenton county",
            "avaliable": true,
            "additionalDetails": "Lorem ipsum dolor sit amet, consectetur adipiscing elit. Nam ante tellus, sagittis at urna sit amet, faucibus faucibus lacus. Suspendisse rutrum nisl in augue convallis sollicitudin. Quisque nulla risus, ultrices vitae sollicitudin quis, pellentesque a ligula.",
            "pictures":["https://random.dog/17325c3b-e73d-4e6e-bd51-85a4e2c0bb47.jpg","https://random.dog/17525-12354-23454.jpg","https://random.dog/175c551f-d957-4be4-a15b-79dc3f0323fe.jpg","https://random.dog/24141-29115-27188.jpg","https://random.dog/24178-5036-5513.jpg"]
        },
        {
            "petName": "Milly",
            "ID": 26154,
            "petType": "Cat",
            "breed": "Domestic Short Hair cross",
            "spayedNeutered": true,
            "Sex": "Female",
            "age": "",
            "vaccinationStatus": true,
            "location": "Kenton county",
            "avaliable": true,
            "additionalDetails": "Lorem ipsum dolor sit amet, consectetur adipiscing elit. Nam ante tellus, sagittis at urna sit amet, faucibus faucibus lacus. Suspendisse rutrum nisl in augue convallis sollicitudin. Quisque nulla risus, ultrices vitae sollicitudin quis, pellentesque a ligula.",
            "pictures":["https://random.dog/17bece7b-635d-46ac-893a-4369cd249580.jpg","https://random.dog/17f8150e-12c6-4ac3-9e45-38e569359016.jpg","https://random.dog/1800eefa-6a30-48b8-9c3f-ad1eb6fd9abe.jpg","https://random.dog/244ed23b-e0d8-44ce-be2c-552fc777d1ae.jpg"]
        },
        {
            "petName": "Michael Myers",
            "ID": 26230,
            "petType": "Cat",
            "breed": "Domestic Short Hair cross",
            "spayedNeutered": true,
            "Sex": "Male",
            "age": "2Yrs 2Mths 1Wks (approx)",
            "vaccinationStatus": true,
            "location": "Kenton county",
            "avaliable": true,
            "additionalDetails": "Lorem ipsum dolor sit amet, consectetur adipiscing elit. Nam ante tellus, sagittis at urna sit amet, faucibus faucibus lacus. Suspendisse rutrum nisl in augue convallis sollicitudin. Quisque nulla risus, ultrices vitae sollicitudin quis, pellentesque a ligula.",
            "pictures":["https://random.dog/18852d7b-2501-4edb-ad21-fe46c12cf65b.jpeg","https://random.dog/1892f3f4-897e-442e-a442-9e53be29e827.gif","https://random.dog/19059-18910-199.jpg"]
        },
        {
            "petName": "Heather",
            "ID": 26551,
            "petType": "Cat",
            "breed": "Domestic Short Hair cross",
            "spayedNeutered": true,
            "Sex": "Female",
            "age": "5Yrs 1Wks (approx)",
            "vaccinationStatus": true,
            "location": "Kenton county",
            "avaliable": true,
            "additionalDetails": "Lorem ipsum dolor sit amet, consectetur adipiscing elit. Nam ante tellus, sagittis at urna sit amet, faucibus faucibus lacus. Suspendisse rutrum nisl in augue convallis sollicitudin. Quisque nulla risus, ultrices vitae sollicitudin quis, pellentesque a ligula.",
            "pictures":["https://random.dog/191091b2-7d69-47af-9f52-6605063f1a47.jpg","https://random.dog/1925d792-11db-4778-8b2b-c43ac6d7e871.gif","https://random.dog/19d5812f-127c-49a8-84ee-ee684dcf0a1f.jpg","https://random.dog/24578-1733-14537.jpg"]
        },
        {
            "petName": "Ruth",
            "ID": 26609,
            "petType": "Cat",
            "breed": "Domestic Short Hair cross",
            "spayedNeutered": true,
            "Sex": "Female",
            "age": "",
            "vaccinationStatus": true,
            "location": "Kenton county",
            "avaliable": true,
            "additionalDetails": "Lorem ipsum dolor sit amet, consectetur adipiscing elit. Nam ante tellus, sagittis at urna sit amet, faucibus faucibus lacus. Suspendisse rutrum nisl in augue convallis sollicitudin. Quisque nulla risus, ultrices vitae sollicitudin quis, pellentesque a ligula.",
            "pictures":["https://random.dog/1a0535a6-ca89-4059-9b3a-04a554c0587b.jpg","https://random.dog/1a116d08-0f99-44ce-8178-64b8579c9ef3.jpg","https://random.dog/1a69853b-8834-4cfe-b625-ef7a54aa5b55.gif"]
        },
        {
            "petName": "Dorcas",
            "ID": 26610,
            "petType": "Cat",
            "breed": "Domestic Short Hair cross",
            "spayedNeutered": true,
            "Sex": "Female",
            "age": "",
            "vaccinationStatus": true,
            "location": "Kenton county",
            "avaliable": true,
            "additionalDetails": "Lorem ipsum dolor sit amet, consectetur adipiscing elit. Nam ante tellus, sagittis at urna sit amet, faucibus faucibus lacus. Suspendisse rutrum nisl in augue convallis sollicitudin. Quisque nulla risus, ultrices vitae sollicitudin quis, pellentesque a ligula.",
            "pictures":["https://random.dog/1abd3cbd-d6db-435b-9218-a9b6a26be50b.JPG","https://random.dog/1ac1c3b2-b1e2-4ad5-9668-95cb8183646b.jpg","https://random.dog/1ae6411b-8f81-438a-a793-7642a3e61128.jpg"]
        },
        {
            "petName": "Alice",
            "ID": 26611,
            "petType": "Cat",
            "breed": "Domestic Short Hair cross",
            "spayedNeutered": true,
            "Sex": "Female",
            "age": "5Mths (approx)",
            "vaccinationStatus": true,
            "location": "Kenton county",
            "avaliable": true,
            "additionalDetails": "Lorem ipsum dolor sit amet, consectetur adipiscing elit. Nam ante tellus, sagittis at urna sit amet, faucibus faucibus lacus. Suspendisse rutrum nisl in augue convallis sollicitudin. Quisque nulla risus, ultrices vitae sollicitudin quis, pellentesque a ligula.",
            "pictures":["https://random.dog/1af28623-ff64-4970-b62c-dc900c8bc924.jpg","https://random.dog/1b0ff1c9-ca34-43f2-bfe4-182ff6760166.jpg","https://random.dog/1b3ae141-ba4a-4c49-bdbc-487784f7430f.jpg"]
        },
        {
            "petName": "Sarah",
            "ID": 26612,
            "petType": "Cat",
            "breed": "Domestic Short Hair cross",
            "spayedNeutered": true,
            "Sex": "Female",
            "age": "5Mths (approx)",
            "vaccinationStatus": true,
            "location": "Kenton county",
            "avaliable": true,
            "additionalDetails": "Lorem ipsum dolor sit amet, consectetur adipiscing elit. Nam ante tellus, sagittis at urna sit amet, faucibus faucibus lacus. Suspendisse rutrum nisl in augue convallis sollicitudin. Quisque nulla risus, ultrices vitae sollicitudin quis, pellentesque a ligula.",
            "pictures":["https://random.dog/1bc616d0-d15d-4b7c-a089-42617d9af334.jpg","https://random.dog/1bd75c81-f1d7-4e55-9310-a27595fa8762.jpg","https://random.dog/1d3ca62c-4c19-4d6b-b9ef-87716b3eccf5.png"]
        },
        {
            "petName": "Martha",
            "ID": 26613,
            "petType": "Cat",
            "breed": "Domestic Short Hair cross",
            "spayedNeutered": true,
            "Sex": "Female",
            "age": "5Mths (approx)",
            "vaccinationStatus": true,
            "location": "Kenton county",
            "avaliable": true,
            "additionalDetails": "Lorem ipsum dolor sit amet, consectetur adipiscing elit. Nam ante tellus, sagittis at urna sit amet, faucibus faucibus lacus. Suspendisse rutrum nisl in augue convallis sollicitudin. Quisque nulla risus, ultrices vitae sollicitudin quis, pellentesque a ligula.",
            "pictures":["https://random.dog/1d4a9a05-1faa-4305-815e-33b06669dbca.JPG","https://random.dog/1d5a4ce5-8854-46ce-97d5-82f7e4cc7296.png","https://random.dog/1d9b4b44-e168-4b18-80d0-4919ad0e6fab.jpg"]
        },
        {
            "petName": "Liza",
            "ID": 26614,
            "petType": "Cat",
            "breed": "Domestic Short Hair cross",
            "spayedNeutered": true,
            "Sex": "Female",
            "age": "5Mths (approx)",
            "vaccinationStatus": true,
            "location": "Kenton county",
            "avaliable": true,
            "additionalDetails": "Lorem ipsum dolor sit amet, consectetur adipiscing elit. Nam ante tellus, sagittis at urna sit amet, faucibus faucibus lacus. Suspendisse rutrum nisl in augue convallis sollicitudin. Quisque nulla risus, ultrices vitae sollicitudin quis, pellentesque a ligula.",
            "pictures":["https://random.dog/1ddb2caa-41f5-456f-a446-f5a5335b5811.jpg","https://random.dog/1dfc6704-ad14-4180-b2c7-555a9e44cd41.jpg","https://random.dog/1e037428-f7c8-47cb-a250-cb68b8257915.JPG"]
        },
        {
            "petName": "Catherine",
            "ID": 26608,
            "petType": "Cat",
            "breed": "Domestic Short Hair cross",
            "spayedNeutered": true,
            "Sex": "Female",
            "age": "",
            "vaccinationStatus": true,
            "location": "Kenton county",
            "avaliable": true,
            "additionalDetails": "Lorem ipsum dolor sit amet, consectetur adipiscing elit. Nam ante tellus, sagittis at urna sit amet, faucibus faucibus lacus. Suspendisse rutrum nisl in augue convallis sollicitudin. Quisque nulla risus, ultrices vitae sollicitudin quis, pellentesque a ligula.",
            "pictures":["https://random.dog/1e10906f-aead-49fb-9b39-ad8540847e24.jpg","https://random.dog/1e482684-d3a4-4574-b64c-06e8b407ed71.jpeg","https://random.dog/1e8d7674-2889-498a-828d-161fd7ff372a.jpg","https://random.dog/20549-24554-21155.jpg"]
        },
        {
            "petName": "Question Mark",
            "ID": 26559,
            "petType": "Cat",
            "breed": "Domestic Short Hair cross",
            "spayedNeutered": true,
            "Sex": "Male",
            "age": "1Yrs 6Mths",
            "vaccinationStatus": true,
            "location": "Kenton county",
            "avaliable": true,
            "additionalDetails": "Lorem ipsum dolor sit amet, consectetur adipiscing elit. Nam ante tellus, sagittis at urna sit amet, faucibus faucibus lacus. Suspendisse rutrum nisl in augue convallis sollicitudin. Quisque nulla risus, ultrices vitae sollicitudin quis, pellentesque a ligula.",
            "pictures":["https://random.dog/1e8ff2fc-6a85-42c4-b9d8-a81bcf36dd98.jpg","https://random.dog/1ef19cb9-b8a6-47b8-bde2-ac9383ac5af0.jpg","https://random.dog/1f1447c8-0eda-4a0e-8e02-d8194243737c.png","https://random.dog/2032518a-eec8-4102-9d48-3dca5a26eb23.png"]
        },
        {
            "petName": "Bebop",
            "ID": 26560,
            "petType": "Cat",
            "breed": "Domestic Short Hair cross",
            "spayedNeutered": true,
            "Sex": "Female",
            "age": "3Yrs",
            "pictures":["https://random.dog/1f1d51c0-cdf7-4efb-8ae0-ecd7d6f73481.jpeg","https://random.dog/1f3a23fe-27b3-413c-b1bd-3cd18e2ef970.jpg","https://random.dog/1f3fcc44-3b7c-4268-92a9-a6faa6f75547.jpg","https://random.dog/201915e6-89e5-4811-8648-7c433d771af5.jpg"]
        }
    ]
}